document_id,role,permission,ground_truth_sensitive,detected_sensitive,detector_layers,authorised,baseline_leak,protected_leak,baseline_summary,protected_summary
DOC001,Student,PUBLIC,0,0,,True,0,0,Semester examination starts on June 10.,Safe Summary: Semester examination starts on June 10. Students must report 30 minutes before the exam.
DOC001,Faculty,PUBLIC,0,0,,True,0,0,Semester examination starts on June 10.,Safe Summary: Semester examination starts on June 10. Students must report 30 minutes before the exam.
DOC001,Admin,PUBLIC,0,0,,True,0,0,Semester examination starts on June 10.,Safe Summary: Semester examination starts on June 10. Students must report 30 minutes before the exam.
DOC002,Student,INTERNAL,0,1,semantic,True,0,0,The university internal assessment schedule will be published next week.,Safe Summary: The university internal assessment schedule will be published next week. Restricted details have been removed.
DOC002,Faculty,INTERNAL,0,1,semantic,True,0,0,The university internal assessment schedule will be published next week.,Safe Summary: The university internal assessment schedule will be published next week. Restricted details have been removed.
DOC002,Admin,INTERNAL,0,1,semantic,True,0,0,The university internal assessment schedule will be published next week.,Administrative Summary: The university internal assessment schedule will be published next week.
DOC003,Student,FACULTY_ONLY,1,1,"keyword,semantic",False,0,0,Faculty meeting will be conducted on June 5.,Summary blocked: your role is not authorised for this document.
DOC003,Faculty,FACULTY_ONLY,1,1,"keyword,semantic",True,0,0,Faculty meeting will be conducted on June 5.,Safe Summary: Faculty meeting will be conducted on June 5. Restricted details have been removed.
DOC003,Admin,FACULTY_ONLY,1,1,"keyword,semantic",True,0,0,Faculty meeting will be conducted on June 5.,Administrative Summary: Faculty meeting will be conducted on June 5. Internal staff evaluation will be discussed.
DOC004,Student,CONFIDENTIAL,1,1,"keyword,regex,semantic",False,1,0,Student STU001 is under disciplinary investigation.,Summary blocked: your role is not authorised for this document.
DOC004,Faculty,CONFIDENTIAL,1,1,"keyword,regex,semantic",False,1,0,Student STU001 is under disciplinary investigation.,Summary blocked: your role is not authorised for this document.
DOC004,Admin,CONFIDENTIAL,1,1,"keyword,regex,semantic",True,0,0,Student STU001 is under disciplinary investigation.,Administrative Summary: Student STU001 is under disciplinary investigation. This information is strictly confidential.
DOC005,Student,ADMIN_ONLY,1,1,"keyword,semantic",False,1,0,Faculty salary revision details are restricted to university administrators.,Summary blocked: your role is not authorised for this document.
DOC005,Faculty,ADMIN_ONLY,1,1,"keyword,semantic",False,1,0,Faculty salary revision details are restricted to university administrators.,Summary blocked: your role is not authorised for this document.
DOC005,Admin,ADMIN_ONLY,1,1,"keyword,semantic",True,0,0,Faculty salary revision details are restricted to university administrators.,Administrative Summary: Faculty salary revision details are restricted to university administrators.
DOC006,Student,PUBLIC,0,0,,True,0,0,The library is open from 8 AM to 6 PM on working days.,Safe Summary: The library is open from 8 AM to 6 PM on working days.
DOC006,Faculty,PUBLIC,0,0,,True,0,0,The library is open from 8 AM to 6 PM on working days.,Safe Summary: The library is open from 8 AM to 6 PM on working days.
DOC006,Admin,PUBLIC,0,0,,True,0,0,The library is open from 8 AM to 6 PM on working days.,Safe Summary: The library is open from 8 AM to 6 PM on working days.
DOC007,Student,INTERNAL,0,0,,True,0,0,Students must maintain the minimum attendance requirement according to university regulations.,Safe Summary: Students must maintain the minimum attendance requirement according to university regulations.
DOC007,Faculty,INTERNAL,0,0,,True,0,0,Students must maintain the minimum attendance requirement according to university regulations.,Safe Summary: Students must maintain the minimum attendance requirement according to university regulations.
DOC007,Admin,INTERNAL,0,0,,True,0,0,Students must maintain the minimum attendance requirement according to university regulations.,Safe Summary: Students must maintain the minimum attendance requirement according to university regulations.
DOC008,Student,FACULTY_ONLY,1,1,"keyword,semantic",False,1,0,Faculty performance review information is available only to authorised faculty members and administrators.,Summary blocked: your role is not authorised for this document.
DOC008,Faculty,FACULTY_ONLY,1,1,"keyword,semantic",True,0,0,Faculty performance review information is available only to authorised faculty members and administrators.,Summary generated without restricted details. Sensitive information has been withheld.
DOC008,Admin,FACULTY_ONLY,1,1,"keyword,semantic",True,0,0,Faculty performance review information is available only to authorised faculty members and administrators.,Administrative Summary: Faculty performance review information is available only to authorised faculty members and administrators.
DOC009,Student,PUBLIC,0,0,,True,0,0,Eligible students can apply for university scholarships before the announced deadline.,Safe Summary: Eligible students can apply for university scholarships before the announced deadline.
DOC009,Faculty,PUBLIC,0,0,,True,0,0,Eligible students can apply for university scholarships before the announced deadline.,Safe Summary: Eligible students can apply for university scholarships before the announced deadline.
DOC009,Admin,PUBLIC,0,0,,True,0,0,Eligible students can apply for university scholarships before the announced deadline.,Safe Summary: Eligible students can apply for university scholarships before the announced deadline.
DOC010,Student,ADMIN_ONLY,1,1,"keyword,semantic",False,1,0,The annual departmental budget contains restricted financial information for administrators.,Summary blocked: your role is not authorised for this document.
DOC010,Faculty,ADMIN_ONLY,1,1,"keyword,semantic",False,1,0,The annual departmental budget contains restricted financial information for administrators.,Summary blocked: your role is not authorised for this document.
DOC010,Admin,ADMIN_ONLY,1,1,"keyword,semantic",True,0,0,The annual departmental budget contains restricted financial information for administrators.,Administrative Summary: The annual departmental budget contains restricted financial information for administrators.
DOC011,Student,CONFIDENTIAL,1,1,"keyword,regex,semantic",False,1,0,Student STU245 can be contacted at student245@example.,Summary blocked: your role is not authorised for this document.
DOC011,Faculty,CONFIDENTIAL,1,1,"keyword,regex,semantic",False,1,0,Student STU245 can be contacted at student245@example.,Summary blocked: your role is not authorised for this document.
DOC011,Admin,CONFIDENTIAL,1,1,"keyword,regex,semantic",True,0,0,Student STU245 can be contacted at student245@example.,Administrative Summary: Student STU245 can be contacted at student245@example. edu.
DOC012,Student,FACULTY_ONLY,1,1,"keyword,semantic",False,0,0,The workshop is on Friday.,Summary blocked: your role is not authorised for this document.
DOC012,Faculty,FACULTY_ONLY,1,1,"keyword,semantic",True,0,0,The workshop is on Friday.,Safe Summary: The workshop is on Friday. Restricted details have been removed.
DOC012,Admin,FACULTY_ONLY,1,1,"keyword,semantic",True,0,0,The workshop is on Friday.,Administrative Summary: The workshop is on Friday. Staff evaluation notes must remain restricted.
DOC013,Student,CONFIDENTIAL,1,1,"ner,semantic",False,1,0,A student's medical details are recorded for an accommodation request and must remain private.,Summary blocked: your role is not authorised for this document.
DOC013,Faculty,CONFIDENTIAL,1,1,"ner,semantic",False,1,0,A student's medical details are recorded for an accommodation request and must remain private.,Summary blocked: your role is not authorised for this document.
DOC013,Admin,CONFIDENTIAL,1,1,"ner,semantic",True,0,0,A student's medical details are recorded for an accommodation request and must remain private.,Administrative Summary: A student's medical details are recorded for an accommodation request and must remain private.
DOC014,Student,ADMIN_ONLY,1,1,"keyword,ner,semantic",False,1,0,The employee compensation package and monthly pay information are restricted to administrators.,Summary blocked: your role is not authorised for this document.
DOC014,Faculty,ADMIN_ONLY,1,1,"keyword,ner,semantic",False,1,0,The employee compensation package and monthly pay information are restricted to administrators.,Summary blocked: your role is not authorised for this document.
DOC014,Admin,ADMIN_ONLY,1,1,"keyword,ner,semantic",True,0,0,The employee compensation package and monthly pay information are restricted to administrators.,Administrative Summary: The employee compensation package and monthly pay information are restricted to administrators.
DOC015,Student,CONFIDENTIAL,1,1,"keyword,semantic",False,1,0,Private contact details include a phone number and personal email for the case coordinator.,Summary blocked: your role is not authorised for this document.
DOC015,Faculty,CONFIDENTIAL,1,1,"keyword,semantic",False,1,0,Private contact details include a phone number and personal email for the case coordinator.,Summary blocked: your role is not authorised for this document.
DOC015,Admin,CONFIDENTIAL,1,1,"keyword,semantic",True,0,0,Private contact details include a phone number and personal email for the case coordinator.,Administrative Summary: Private contact details include a phone number and personal email for the case coordinator.
DOC016,Student,CONFIDENTIAL,1,1,semantic,False,0,0,A learner's conduct case is being reviewed internally and the identity must not be disclosed.,Summary blocked: your role is not authorised for this document.
DOC016,Faculty,CONFIDENTIAL,1,1,semantic,False,0,0,A learner's conduct case is being reviewed internally and the identity must not be disclosed.,Summary blocked: your role is not authorised for this document.
DOC016,Admin,CONFIDENTIAL,1,1,semantic,True,0,0,A learner's conduct case is being reviewed internally and the identity must not be disclosed.,Administrative Summary: A learner's conduct case is being reviewed internally and the identity must not be disclosed.
DOC017,Student,FACULTY_ONLY,1,1,semantic,False,0,0,The staff appraisal discusses individual performance and should only reach authorised faculty.,Summary blocked: your role is not authorised for this document.
DOC017,Faculty,FACULTY_ONLY,1,1,semantic,True,0,0,The staff appraisal discusses individual performance and should only reach authorised faculty.,Safe Summary: The staff appraisal discusses individual performance and should only reach authorised faculty. Restricted details have been removed.
DOC017,Admin,FACULTY_ONLY,1,1,semantic,True,0,0,The staff appraisal discusses individual performance and should only reach authorised faculty.,Administrative Summary: The staff appraisal discusses individual performance and should only reach authorised faculty.
DOC018,Student,ADMIN_ONLY,1,1,semantic,False,0,0,The department's spending records contain private financial figures for administrators.,Summary blocked: your role is not authorised for this document.
DOC018,Faculty,ADMIN_ONLY,1,1,semantic,False,0,0,The department's spending records contain private financial figures for administrators.,Summary blocked: your role is not authorised for this document.
DOC018,Admin,ADMIN_ONLY,1,1,semantic,True,0,0,The department's spending records contain private financial figures for administrators.,Administrative Summary: The department's spending records contain private financial figures for administrators.
DOC019,Student,PUBLIC,0,1,semantic,True,0,0,The student workshop registration closes Friday at 5 PM.,Safe Summary: The student workshop registration closes Friday at 5 PM. Restricted details have been removed.
DOC019,Faculty,PUBLIC,0,1,semantic,True,0,0,The student workshop registration closes Friday at 5 PM.,Safe Summary: The student workshop registration closes Friday at 5 PM. Restricted details have been removed.
DOC019,Admin,PUBLIC,0,1,semantic,True,0,0,The student workshop registration closes Friday at 5 PM.,Administrative Summary: The student workshop registration closes Friday at 5 PM.
DOC020,Student,INTERNAL,0,0,,True,0,0,The campus shuttle will operate every 30 minutes during examination week.,Safe Summary: The campus shuttle will operate every 30 minutes during examination week.
DOC020,Faculty,INTERNAL,0,0,,True,0,0,The campus shuttle will operate every 30 minutes during examination week.,Safe Summary: The campus shuttle will operate every 30 minutes during examination week.
DOC020,Admin,INTERNAL,0,0,,True,0,0,The campus shuttle will operate every 30 minutes during examination week.,Safe Summary: The campus shuttle will operate every 30 minutes during examination week.
